[{"model": "sessions.session", "pk": "1brvm5bwj6hqtjmfmg3o7hlz1q6kyrw9", "fields": {"session_data": ".eJxVzEsOwiAUheG9MDYEuLzq0HnXQC4XKlVDk9KOjHu3JB3o9Hwn_5sF3LcS9pbXMCd2ZYpdfreI9My1Q3pgvS-clrqtc-T9wk9tfFxSft3O71-gYCs9GwdHQjkUJPykrBZRoRcSgFwUSnqanDEaCdRwGEFKeKA0qMHaDOzzBcCSNuU:1r127s:vrlLgy6J8DMO4lu8ISnKPec7F6nm9OauzWzhwAA7CmU", "expire_date": "2023-11-23T10:19:04.382Z"}}, {"model": "sessions.session", "pk": "9z6x4xqadr5e1bouhmr4mcwi498nuydo", "fields": {"session_data": ".eJxVjEEOgjAQRe_StWk6rUDHpXvOQKYzg6CmTSisjHdXEha6_e-9_zIDbes0bFWXYRZzMWBOv1sifmjegdwp34rlktdlTnZX7EGr7Yvo83q4fwcT1elbY0MSnIeRQ0gpIHQJuBXP2LnRaxcFOWCrQhIb5RgZNXhHQM3ZRQDz_gDnUTfP:1qZ6hc:UEYVDTED1PWk5deNQWmAz8R4TJvA0HOsns0bHLXMV7o", "expire_date": "2023-09-07T09:32:32.042Z"}}, {"model": "sessions.session", "pk": "idisdcj5tjqzfqugqspc1n4a8zyzzp2e", "fields": {"session_data": ".eJxVjEEOgjAQRe_StWk6rUDHpXvOQKYzg6CmTSisjHdXEha6_e-9_zIDbes0bFWXYRZzMWBOv1sifmjegdwp34rlktdlTnZX7EGr7Yvo83q4fwcT1elbY0MSnIeRQ0gpIHQJuBXP2LnRaxcFOWCrQhIb5RgZNXhHQM3ZRQDz_gDnUTfP:1qo45c:nsfxJJMBVjw2BFrIRnmFdJlZhZFWsU0BvKYbfMK6qLI", "expire_date": "2023-10-18T15:47:08.377Z"}}, {"model": "sessions.session", "pk": "ltse07loo11cck01o6jm8agqf80xv671", "fields": {"session_data": ".eJxVjDsOwjAQBe_iGlmx1x-Wkj5nsHb9wQHkSHFSIe4OkVJA-2bmvUSgba1h63kJUxIXocTpd2OKj9x2kO7UbrOMc1uXieWuyIN2Oc4pP6-H-3dQqddvbZ1FgOQGRsURXDGgjDXaA1JxmpJiV84-ee0Z0YBX4Miithpx8IrF-wOvMDY2:1quW2P:GgI0UGtz-p8tq7FN2FcXPxmjbsa8BS-zmVd1wHH9XJI", "expire_date": "2023-11-05T10:50:29.927Z"}}, {"model": "sessions.session", "pk": "lx2shlehgpd91szj7aj288fla1806g35", "fields": {"session_data": ".eJxVjDsOwjAQBe_iGlmx1x-Wkj5nsHb9wQHkSHFSIe4OkVJA-2bmvUSgba1h63kJUxIXocTpd2OKj9x2kO7UbrOMc1uXieWuyIN2Oc4pP6-H-3dQqddvbZ1FgOQGRsURXDGgjDXaA1JxmpJiV84-ee0Z0YBX4Miithpx8IrF-wOvMDY2:1qyDjg:in4KRVbrESG_YcPUl4T3yy-aNqfk3-Tje9Q8JsaucWU", "expire_date": "2023-11-15T16:06:28.407Z"}}, {"model": "sites.site", "pk": 1, "fields": {"domain": "example.com", "name": "example.com"}}, {"model": "Parts.manufacturer", "pk": "AMD", "fields": {"name": "AMD", "manufactures_cpu": true, "manufactures_gpu": true, "manufactures_motherboard": null, "manufactures_ram": null, "manufactures_ssd": null, "manufactures_hdd": null, "manufactures_psu": null, "manufactures_case": null, "manufactures_cooler": null}}, {"model": "Parts.manufacturer", "pk": "ASUS", "fields": {"name": "ASUS", "manufactures_cpu": false, "manufactures_gpu": true, "manufactures_motherboard": true, "manufactures_ram": true, "manufactures_ssd": true, "manufactures_hdd": false, "manufactures_psu": true, "manufactures_case": true, "manufactures_cooler": true}}, {"model": "Parts.manufacturer", "pk": "CM", "fields": {"name": "Cooler Master", "manufactures_cpu": false, "manufactures_gpu": false, "manufactures_motherboard": false, "manufactures_ram": true, "manufactures_ssd": true, "manufactures_hdd": false, "manufactures_psu": true, "manufactures_case": true, "manufactures_cooler": true}}, {"model": "Parts.manufacturer", "pk": "CRS", "fields": {"name": "Corsair", "manufactures_cpu": false, "manufactures_gpu": false, "manufactures_motherboard": false, "manufactures_ram": true, "manufactures_ssd": true, "manufactures_hdd": false, "manufactures_psu": true, "manufactures_case": true, "manufactures_cooler": true}}, {"model": "Parts.manufacturer", "pk": "GS", "fields": {"name": "GSkill", "manufactures_cpu": null, "manufactures_gpu": null, "manufactures_motherboard": null, "manufactures_ram": true, "manufactures_ssd": true, "manufactures_hdd": null, "manufactures_psu": null, "manufactures_case": null, "manufactures_cooler": true}}, {"model": "Parts.manufacturer", "pk": "INTEL", "fields": {"name": "INTEL", "manufactures_cpu": true, "manufactures_gpu": null, "manufactures_motherboard": null, "manufactures_ram": null, "manufactures_ssd": null, "manufactures_hdd": null, "manufactures_psu": null, "manufactures_case": null, "manufactures_cooler": null}}, {"model": "Parts.manufacturer", "pk": "MSI", "fields": {"name": "MSI", "manufactures_cpu": null, "manufactures_gpu": true, "manufactures_motherboard": true, "manufactures_ram": null, "manufactures_ssd": null, "manufactures_hdd": null, "manufactures_psu": null, "manufactures_case": null, "manufactures_cooler": true}}, {"model": "Parts.manufacturer", "pk": "NOC", "fields": {"name": "Noctua", "manufactures_cpu": false, "manufactures_gpu": false, "manufactures_motherboard": false, "manufactures_ram": false, "manufactures_ssd": false, "manufactures_hdd": false, "manufactures_psu": false, "manufactures_case": false, "manufactures_cooler": true}}, {"model": "Parts.manufacturer", "pk": "NZXT", "fields": {"name": "NZXT", "manufactures_cpu": false, "manufactures_gpu": false, "manufactures_motherboard": true, "manufactures_ram": null, "manufactures_ssd": null, "manufactures_hdd": null, "manufactures_psu": true, "manufactures_case": true, "manufactures_cooler": true}}, {"model": "Parts.manufacturer", "pk": "SAM", "fields": {"name": "Samsung", "manufactures_cpu": null, "manufactures_gpu": null, "manufactures_motherboard": null, "manufactures_ram": null, "manufactures_ssd": null, "manufactures_hdd": true, "manufactures_psu": true, "manufactures_case": null, "manufactures_cooler": null}}, {"model": "Parts.manufacturer", "pk": "TG", "fields": {"name": "TeamGroup", "manufactures_cpu": null, "manufactures_gpu": null, "manufactures_motherboard": null, "manufactures_ram": true, "manufactures_ssd": true, "manufactures_hdd": null, "manufactures_psu": null, "manufactures_case": null, "manufactures_cooler": null}}, {"model": "Parts.manufacturer", "pk": "TT", "fields": {"name": "Thermal Take", "manufactures_cpu": false, "manufactures_gpu": false, "manufactures_motherboard": false, "manufactures_ram": true, "manufactures_ssd": true, "manufactures_hdd": false, "manufactures_psu": true, "manufactures_case": true, "manufactures_cooler": true}}, {"model": "Parts.manufacturer", "pk": "WD", "fields": {"name": "Western Digital", "manufactures_cpu": null, "manufactures_gpu": null, "manufactures_motherboard": null, "manufactures_ram": null, "manufactures_ssd": true, "manufactures_hdd": true, "manufactures_psu": null, "manufactures_case": null, "manufactures_cooler": null}}, {"model": "Parts.manufacturer", "pk": "ZTC", "fields": {"name": "Zotac", "manufactures_cpu": null, "manufactures_gpu": true, "manufactures_motherboard": null, "manufactures_ram": null, "manufactures_ssd": null, "manufactures_hdd": null, "manufactures_psu": null, "manufactures_case": null, "manufactures_cooler": null}}, {"model": "Parts.cpu", "pk": "I312100F", "fields": {"manufacturer": "INTEL", "name": "Intel Core i3-12100F 12th Gen Alder Lake", "relativeSize": "S", "data_added": "2023-10-07", "amazon_url": "", "newegg_url": "https://www.newegg.com/intel-core-i3-12100f-core-i3-12th-gen/p/N82E16819118357", "partRating": 5.0, "amazon_price": null, "newegg_price": 94.0, "previous_price": 0.0, "current_price": 94.0, "lowest_Price_Link": "https://www.newegg.com/intel-core-i3-12100f-core-i3-12th-gen/p/N82E16819118357", "last_modified": "2023-10-07", "cores": 4, "threads": 8, "base_clock": 3.3, "boost_clock": 3.3, "overclockable": false, "socket": "LGA 1700", "cooler": false, "power_consumption": 65, "integrated_graphics": false, "use_case": "Budget"}}, {"model": "Parts.cpu", "pk": "I512600KF", "fields": {"manufacturer": "INTEL", "name": "Intel Core i5-12600KF 12th Gen Alder Lake", "relativeSize": "S", "data_added": "2023-10-07", "amazon_url": "", "newegg_url": "https://www.newegg.com/intel-core-i5-12600kf-core-i5-12th-gen/p/N82E16819118349?Item=N82E16819118349", "partRating": 4.8, "amazon_price": null, "newegg_price": 154.0, "previous_price": 0.0, "current_price": 154.0, "lowest_Price_Link": "https://www.newegg.com/intel-core-i5-12600kf-core-i5-12th-gen/p/N82E16819118349?Item=N82E16819118349", "last_modified": "2023-10-07", "cores": 10, "threads": 16, "base_clock": 3.7, "boost_clock": 4.9, "overclockable": true, "socket": "LGA 1700", "cooler": false, "power_consumption": 150, "integrated_graphics": false, "use_case": "Mid-Range"}}, {"model": "Parts.cpu", "pk": "I712700KF", "fields": {"manufacturer": "INTEL", "name": "Intel Core i7-12700KF 12th Gen Alder Lake", "relativeSize": "S", "data_added": "2023-10-07", "amazon_url": "", "newegg_url": "https://www.newegg.com/intel-core-i7-12700kf-core-i7-12th-gen/p/N82E16819118345", "partRating": 4.9, "amazon_price": null, "newegg_price": 210.0, "previous_price": 0.0, "current_price": 210.0, "lowest_Price_Link": "https://www.newegg.com/intel-core-i7-12700kf-core-i7-12th-gen/p/N82E16819118345", "last_modified": "2023-10-07", "cores": 12, "threads": 20, "base_clock": 3.6, "boost_clock": 5.0, "overclockable": true, "socket": "LGA 1700", "cooler": false, "power_consumption": 190, "integrated_graphics": false, "use_case": "High-end"}}, {"model": "Parts.cpu", "pk": "I912900KF", "fields": {"manufacturer": "INTEL", "name": "Intel Core i9-12900KF  12th Gen Alder Lake", "relativeSize": "S", "data_added": "2023-10-07", "amazon_url": "", "newegg_url": "https://www.newegg.com/intel-core-i9-12900kf-core-i9-12th-gen/p/N82E16819118341", "partRating": 4.6, "amazon_price": null, "newegg_price": 310.0, "previous_price": 0.0, "current_price": 310.0, "lowest_Price_Link": "https://www.newegg.com/intel-core-i9-12900kf-core-i9-12th-gen/p/N82E16819118341", "last_modified": "2023-10-07", "cores": 16, "threads": 24, "base_clock": 3.2, "boost_clock": 5.2, "overclockable": true, "socket": "LGA 1700", "cooler": false, "power_consumption": 240, "integrated_graphics": false, "use_case": "High-end"}}, {"model": "Parts.cpu", "pk": "R34100", "fields": {"manufacturer": "AMD", "name": "Ryzen 3 4000 Series Quad-Core Socket AM4", "relativeSize": "S", "data_added": "2023-10-07", "amazon_url": "", "newegg_url": "https://www.newegg.com/amd-ryzen-3-4100-ryzen-3-4000-series/p/N82E16819113739", "partRating": 4.6, "amazon_price": null, "newegg_price": 71.0, "previous_price": 0.0, "current_price": 71.0, "lowest_Price_Link": "https://www.newegg.com/amd-ryzen-3-4100-ryzen-3-4000-series/p/N82E16819113739", "last_modified": "2023-10-07", "cores": 4, "threads": 8, "base_clock": 3.0, "boost_clock": 4.0, "overclockable": false, "socket": "AM4", "cooler": true, "power_consumption": 65, "integrated_graphics": false, "use_case": "Budget"}}, {"model": "Parts.cpu", "pk": "R55000X", "fields": {"manufacturer": "MSI", "name": "Ryzen 5 5000X Series Vermeer (Zen 3)", "relativeSize": "S", "data_added": "2023-10-07", "amazon_url": "", "newegg_url": "https://www.newegg.com/amd-ryzen-5-5600x/p/N82E16819113666?Item=N82E16819113666", "partRating": 5.0, "amazon_price": null, "newegg_price": 138.0, "previous_price": 0.0, "current_price": 138.0, "lowest_Price_Link": "https://www.newegg.com/amd-ryzen-5-5600x/p/N82E16819113666?Item=N82E16819113666", "last_modified": "2023-10-07", "cores": 6, "threads": 12, "base_clock": 3.7, "boost_clock": 4.6, "overclockable": true, "socket": "AM4", "cooler": true, "power_consumption": 75, "integrated_graphics": false, "use_case": "Mid-Range"}}, {"model": "Parts.aircooler", "pk": "CMH212BE", "fields": {"manufacturer": "CM", "name": "Cooler Master Hyper 212 Black Edition CPU Air Cooler", "relativeSize": "M", "data_added": "2023-10-07", "amazon_url": "", "newegg_url": "https://www.newegg.com/cooler-master-rr-212s-20pk-r2/p/N82E16835103330", "partRating": 4.6, "amazon_price": null, "newegg_price": 44.0, "previous_price": 0.0, "current_price": 44.0, "lowest_Price_Link": "https://www.newegg.com/cooler-master-rr-212s-20pk-r2/p/N82E16835103330", "last_modified": "2023-10-07", "socket": "All", "size": "ATX", "height": 159.0, "length": 77.0, "num_fans": 1, "num_heatsinks": 1, "color_name": "Black", "color_hex": "#000000", "rgb": false, "power_consumption": 20, "theme": "dark", "use_case": "Budget"}}, {"model": "Parts.aircooler", "pk": "CMH212BERGB", "fields": {"manufacturer": "CM", "name": "Cooler Master Hyper 212 Black Edition RGB CPU Air Cooler", "relativeSize": "M", "data_added": "2023-10-07", "amazon_url": "", "newegg_url": "https://www.newegg.com/cooler-master-rr-212s-20pc-r1-hyper-212-rgb-be/p/13C-000X-00436", "partRating": 4.9, "amazon_price": null, "newegg_price": 79.0, "previous_price": 0.0, "current_price": 79.0, "lowest_Price_Link": "https://www.newegg.com/cooler-master-rr-212s-20pc-r1-hyper-212-rgb-be/p/13C-000X-00436", "last_modified": "2023-10-07", "socket": "All", "size": "ATX", "height": 158.0, "length": 77.0, "num_fans": 1, "num_heatsinks": 1, "color_name": "Black", "color_hex": "#000000", "rgb": true, "power_consumption": 30, "theme": "dark", "use_case": "Mid-Range"}}, {"model": "Parts.aircooler", "pk": "NOCHN-L9x65", "fields": {"manufacturer": "NOC", "name": "Noctua NH-L9x65, Premium Low-Profile CPU Cooler", "relativeSize": "M", "data_added": "2023-10-07", "amazon_url": "", "newegg_url": "https://www.newegg.com/noctua-nh-l9x65/p/N82E16835608071?Item=9SIAADY4B02497", "partRating": 4.7, "amazon_price": null, "newegg_price": 55.0, "previous_price": 0.0, "current_price": 55.0, "lowest_Price_Link": "https://www.newegg.com/noctua-nh-l9x65/p/N82E16835608071?Item=9SIAADY4B02497", "last_modified": "2023-10-07", "socket": "All", "size": "MicroAtx", "height": 65.0, "length": 120.0, "num_fans": 1, "num_heatsinks": 1, "color_name": "Brown", "color_hex": "#653024", "rgb": false, "power_consumption": 15, "theme": "light", "use_case": "Mid-Range"}}, {"model": "Parts.aircooler", "pk": "NOCHN-l9A", "fields": {"manufacturer": "NOC", "name": "Noctua NH-L9a-AM4, Premium Low-profile for AMD AM4", "relativeSize": "S", "data_added": "2023-10-07", "amazon_url": "", "newegg_url": "https://www.newegg.com/noctua-nh-l9a-am4-low-profile-quiet-cooler-for-amd-ryzen-cpus-and-apus/p/13C-0005-00145?Item=9SIAADY6A94515", "partRating": 4.5, "amazon_price": null, "newegg_price": 44.95, "previous_price": 0.0, "current_price": 44.95, "lowest_Price_Link": "https://www.newegg.com/noctua-nh-l9a-am4-low-profile-quiet-cooler-for-amd-ryzen-cpus-and-apus/p/13C-0005-00145?Item=9SIAADY6A94515", "last_modified": "2023-10-07", "socket": "AM4", "size": "MiniItx", "height": 37.0, "length": 120.0, "num_fans": 1, "num_heatsinks": 1, "color_name": "Brown", "color_hex": "#653024", "rgb": false, "power_consumption": 10, "theme": "light", "use_case": "Mid-Range"}}, {"model": "Parts.watercooler", "pk": "NZXTK120RGB", "fields": {"manufacturer": "NZXT", "name": "NZXT Kraken 120mm RGB CPU Liquid Cooler", "relativeSize": "S", "data_added": "2023-10-08", "amazon_url": "", "newegg_url": "https://www.newegg.com/nzxt-liquid-cooling-system/p/N82E16835146088", "partRating": 4.3, "amazon_price": null, "newegg_price": 88.0, "previous_price": 0.0, "current_price": 88.0, "lowest_Price_Link": "https://www.newegg.com/nzxt-liquid-cooling-system/p/N82E16835146088", "last_modified": "2023-10-08", "socket": "AMD and Intel", "length": 120.0, "num_fans": 1, "color_name": "Black", "color_hex": "#000000", "rgb": true, "power_consumption": 20, "theme": "dark", "use_case": "Mid-Range"}}, {"model": "Parts.watercooler", "pk": "NZXTK360LCD", "fields": {"manufacturer": "NZXT", "name": "NZXT Kraken 360mm RLKN360-B1 AIO LCD Display", "relativeSize": "L", "data_added": "2023-10-07", "amazon_url": "", "newegg_url": "https://www.newegg.com/nzxt-liquid-cooling-system-kraken/p/N82E16835146120", "partRating": 4.8, "amazon_price": null, "newegg_price": 480.0, "previous_price": 0.0, "current_price": 180.0, "lowest_Price_Link": "https://www.newegg.com/nzxt-liquid-cooling-system-kraken/p/N82E16835146120", "last_modified": "2023-10-07", "socket": "AMD and Intel", "length": 360.0, "num_fans": 3, "color_name": "Black", "color_hex": "#000000", "rgb": true, "power_consumption": 30, "theme": "dark", "use_case": "High-end"}}, {"model": "Parts.gpu", "pk": "MSIGRRX68", "fields": {"manufacturer": "MSI", "name": "MSI Gaming Radeon RX 6800 16GB GDDR6", "relativeSize": "L", "data_added": "2023-10-11", "amazon_url": "", "newegg_url": "https://www.newegg.com/msi-geforce-rtx-3060-rtx-3060-ventus-2x-12g-oc/p/N82E16814137632?Item=N82E16814137632", "partRating": 4.5, "amazon_price": null, "newegg_price": 459.99, "previous_price": 0.0, "current_price": 459.99, "lowest_Price_Link": "https://www.newegg.com/msi-geforce-rtx-3060-rtx-3060-ventus-2x-12g-oc/p/N82E16814137632?Item=N82E16814137632", "last_modified": "2023-10-11", "type": "Radeon", "length": 324.0, "width": 2.5, "fan_count": 3, "vram": 16, "gddr_type": "GDDR6", "cores": 3840, "base_clock": 1400, "boost_clock": 2155, "supported_resolution": 8000, "pcie_5": false, "rgb": true, "pin_num": 16, "displayport_count": 3, "hdmi_count": 1, "usbc_count": 0, "theme": "light", "power_consumption": 350, "use_case": "Mid-Range"}}, {"model": "Parts.gpu", "pk": "ZTCAMPHL37TI", "fields": {"manufacturer": "ZTC", "name": "ZOTAC Gaming GeForce RTX 3070 Ti AMP Holo 8GB GDDR6X", "relativeSize": "L", "data_added": "2023-10-11", "amazon_url": "https://www.amazon.co.uk/Graphics-HoloBlack-IceStorm-Advanced-ZT-A30710F-10P/dp/B098W9QS4R/ref=sr_1_2?crid=3TDPJXR02UJOM&keywords=ZOTAC+GAMING+GeForce+RTX+3070+Ti+8GB+GDDR6X&qid=1696777848&sprefix=zotac+gaming+geforce+rtx+3070+ti+8gb+gddr6x+%2Caps%2C72&sr=8-2", "newegg_url": "https://www.newegg.com/zotac-geforce-rtx-3070-ti-zt-a30710q-10p/p/N82E16814500547?Item=N82E16814500547", "partRating": 4.7, "amazon_price": 510.0, "newegg_price": 409.0, "previous_price": 0.0, "current_price": 409.0, "lowest_Price_Link": "https://www.newegg.com/zotac-geforce-rtx-3070-ti-zt-a30710q-10p/p/N82E16814500547?Item=N82E16814500547", "last_modified": "2023-10-11", "type": "RTX", "length": 318.0, "width": 2.5, "fan_count": 3, "vram": 8, "gddr_type": "GDDR6X", "cores": 6144, "base_clock": 1400, "boost_clock": 1770, "supported_resolution": 8000, "pcie_5": true, "rgb": true, "pin_num": 16, "displayport_count": 3, "hdmi_count": 1, "usbc_count": 0, "theme": "dark", "power_consumption": 450, "use_case": "High-end"}}, {"model": "Parts.gpu", "pk": "ZTCAMPWRTX36", "fields": {"manufacturer": "ZTC", "name": "ZOTAC GAMING GeForce RTX 3060 AMP White Edition 12GB GDDR6", "relativeSize": "M", "data_added": "2023-10-11", "amazon_url": "", "newegg_url": "https://www.newegg.com/zotac-geforce-rtx-3060-zt-a30600f-10p/p/1FT-000M-00376?Item=1FT-000M-00376", "partRating": 4.8, "amazon_price": null, "newegg_price": 250.0, "previous_price": 0.0, "current_price": 250.0, "lowest_Price_Link": "https://www.newegg.com/zotac-geforce-rtx-3060-zt-a30600f-10p/p/1FT-000M-00376?Item=1FT-000M-00376", "last_modified": "2023-10-11", "type": "RTX", "length": 233.0, "width": 2.0, "fan_count": 2, "vram": 12, "gddr_type": "GDDR6", "cores": 3584, "base_clock": 1320, "boost_clock": 1900, "supported_resolution": 8000, "pcie_5": false, "rgb": false, "pin_num": 16, "displayport_count": 3, "hdmi_count": 1, "usbc_count": 0, "theme": "light", "power_consumption": 250, "use_case": "Budget"}}, {"model": "Parts.ram", "pk": "CRSVP16x23600", "fields": {"manufacturer": "CRS", "name": "CORSAIR Vengeance RGB Pro 32GB (2 x 16GB) 3600", "relativeSize": "M", "data_added": "2023-10-07", "amazon_url": "", "newegg_url": "https://www.newegg.com/corsair-32gb-288-pin-ddr4-sdram/p/N82E16820236607?Item=N82E16820236607", "partRating": 4.6, "amazon_price": null, "newegg_price": 89.32, "previous_price": 0.0, "current_price": 89.32, "lowest_Price_Link": "https://www.newegg.com/corsair-32gb-288-pin-ddr4-sdram/p/N82E16820236607?Item=N82E16820236607", "last_modified": "2023-10-07", "capacity": 32, "divided_capacity": "16x2", "channels": "Dual", "speed": 3600, "type": "DDR4", "pins": 288, "xmp": false, "color_name": "Black", "color_hex": "#RRGGBB", "power_consumption": 15, "rgb": true, "use_case": "High-end"}}, {"model": "Parts.ram", "pk": "CRSVP8x23600", "fields": {"manufacturer": "CRS", "name": "CORSAIR Vengeance RGB Pro 16GB (2 x 8GB) 3200", "relativeSize": "M", "data_added": "2023-10-07", "amazon_url": "", "newegg_url": "https://www.newegg.com/corsair-16gb-288-pin-ddr4-sdram/p/N82E16820236417?Item=N82E16820236417", "partRating": 4.5, "amazon_price": null, "newegg_price": 59.99, "previous_price": 0.0, "current_price": 59.99, "lowest_Price_Link": "https://www.newegg.com/corsair-16gb-288-pin-ddr4-sdram/p/N82E16820236417?Item=N82E16820236417", "last_modified": "2023-10-07", "capacity": 16, "divided_capacity": "8x2", "channels": "Dual", "speed": 3200, "type": "DDR4", "pins": 288, "xmp": true, "color_name": "Black", "color_hex": "#000000", "power_consumption": 15, "rgb": true, "use_case": "Mid-Range"}}, {"model": "Parts.ram", "pk": "GSRJ8x23600", "fields": {"manufacturer": "GS", "name": "G.SKILL Ripjaws V Series 16GB (2 x 8GB) 3600", "relativeSize": "M", "data_added": "2023-10-07", "amazon_url": "", "newegg_url": "https://www.newegg.com/g-skill-16gb-288-pin-ddr4-sdram/p/N82E16820232882", "partRating": 4.5, "amazon_price": null, "newegg_price": 39.99, "previous_price": 0.0, "current_price": 39.99, "lowest_Price_Link": "https://www.newegg.com/g-skill-16gb-288-pin-ddr4-sdram/p/N82E16820232882", "last_modified": "2023-10-07", "capacity": 16, "divided_capacity": "8x2", "channels": "Dual", "speed": 3600, "type": "DDR4", "pins": 288, "xmp": true, "color_name": "Black", "color_hex": "#000000", "power_consumption": 15, "rgb": false, "use_case": "Budget"}}, {"model": "Parts.ram", "pk": "TGVZ8x23200", "fields": {"manufacturer": "TG", "name": "Team T-FORCE VULCAN Z 16GB (2 x 8GB) 3200", "relativeSize": "M", "data_added": "2023-10-07", "amazon_url": "", "newegg_url": "https://www.newegg.com/team-16gb-288-pin-ddr4-sdram/p/N82E16820331354", "partRating": 4.5, "amazon_price": null, "newegg_price": 30.99, "previous_price": 0.0, "current_price": 30.99, "lowest_Price_Link": "https://www.newegg.com/team-16gb-288-pin-ddr4-sdram/p/N82E16820331354", "last_modified": "2023-10-07", "capacity": 16, "divided_capacity": "8x2", "channels": "Dual", "speed": 3200, "type": "DDR4", "pins": 288, "xmp": true, "color_name": "Grey", "color_hex": "#808080", "power_consumption": 15, "rgb": false, "use_case": "Budget"}}, {"model": "Parts.hdd", "pk": "WDCB7200", "fields": {"manufacturer": "WD", "name": "Western Digital Caviar Blue HDD 7200RPM", "relativeSize": "M", "data_added": "2023-10-22", "amazon_url": "https://www.amazon.com/dp/B0088PUEPK?tag=pcpapi-20&linkCode=ogi&th=1&psc=1", "newegg_url": "https://www.newegg.com/blue-wd10ezex-1tb/p/N82E16822236339?Item=N82E16822236339&nm_mc=AFC-RAN-COM&cm_mmc", "partRating": 4.5, "amazon_price": 35.0, "newegg_price": 60.99, "previous_price": 0.0, "current_price": 35.0, "lowest_Price_Link": "https://www.amazon.com/dp/B0088PUEPK?tag=pcpapi-20&linkCode=ogi&th=1&psc=1", "last_modified": "2023-10-22", "capacity": 1000, "speed": 7200, "sata": "6.0", "size": 3.5, "rgb": false, "power_consumption": 30, "use_case": "Budget"}}, {"model": "Parts.hdd", "pk": "WDG7200", "fields": {"manufacturer": "WD", "name": "Western Digital Gold 7200RPM", "relativeSize": "M", "data_added": "2023-10-22", "amazon_url": "https://www.amazon.com/dp/B01IY9UTMM?tag=pcpapi-20&linkCode=ogi&th=1&psc=1", "newegg_url": "https://www.newegg.com/gold-wd2005fbyz-2tb/p/1Z4-0002-002V0?Item=1Z4-0002-002V0&nm_mc=AFC-RAN-COM&cm_mmc", "partRating": 4.5, "amazon_price": 116.0, "newegg_price": 133.0, "previous_price": 0.0, "current_price": 116.0, "lowest_Price_Link": "https://www.amazon.com/dp/B01IY9UTMM?tag=pcpapi-20&linkCode=ogi&th=1&psc=1", "last_modified": "2023-10-22", "capacity": 2000, "speed": 7200, "sata": "6.0", "size": 3.5, "rgb": false, "power_consumption": 30, "use_case": "High-end"}}, {"model": "Parts.hdd", "pk": "WDR5400", "fields": {"manufacturer": "WD", "name": "Western Digital Red HDD 5400RPM", "relativeSize": "M", "data_added": "2023-10-22", "amazon_url": "https://www.amazon.com/dp/B08VH9NDV7?tag=pcpapi-20&linkCode=ogi&th=1&psc=1", "newegg_url": "https://www.newegg.com/red-plus-wd30efzx-3tb/p/N82E16822234464?Item=N82E16822234464&nm_mc=AFC-RAN-COM&cm_mmc", "partRating": 4.5, "amazon_price": 96.0, "newegg_price": 64.0, "previous_price": 0.0, "current_price": 64.0, "lowest_Price_Link": "https://www.newegg.com/red-plus-wd30efzx-3tb/p/N82E16822234464?Item=N82E16822234464&nm_mc=AFC-RAN-COM&cm_mmc", "last_modified": "2023-10-22", "capacity": 3000, "speed": 5400, "sata": "6.0", "size": 3.5, "rgb": false, "power_consumption": 35, "use_case": "Mid-Range"}}, {"model": "Parts.ssd", "pk": "SAM970EP", "fields": {"manufacturer": "SAM", "name": "Samsung 970 Evo Plus", "relativeSize": "S", "data_added": "2023-10-22", "amazon_url": "https://www.amazon.com/dp/B07MFZY2F2?tag=pcpapi-20&linkCode=ogi&th=1&psc=1", "newegg_url": "https://pcpartpicker.com/mr/newegg/Zxw7YJ", "partRating": null, "amazon_price": 54.0, "newegg_price": 69.0, "previous_price": 0.0, "current_price": 54.0, "lowest_Price_Link": "https://www.amazon.com/dp/B07MFZY2F2?tag=pcpapi-20&linkCode=ogi&th=1&psc=1", "last_modified": "2023-10-22", "capacity": 1000, "read_speed": 3500, "write_speed": 3300, "mdot2": true, "sata": false, "pcie_generation": 3, "power_consumption": 20, "rgb": false, "use_case": "Mid-Range"}}, {"model": "Parts.ssd", "pk": "SAM980P", "fields": {"manufacturer": "SAM", "name": "Samsung 980 Pro SSD", "relativeSize": "S", "data_added": "2023-10-22", "amazon_url": "https://www.amazon.com/dp/B08RK2SR23?tag=pcpapi-20&linkCode=ogi&th=1", "newegg_url": "https://www.amazon.co.uk/dp/B08QJHLC8J?th=1&linkCode=gs4&tag=pcp0f-21", "partRating": 4.9, "amazon_price": 139.0, "newegg_price": 138.0, "previous_price": 0.0, "current_price": 138.0, "lowest_Price_Link": "https://www.amazon.co.uk/dp/B08QJHLC8J?th=1&linkCode=gs4&tag=pcp0f-21", "last_modified": "2023-10-22", "capacity": 2000, "read_speed": 7000, "write_speed": 5100, "mdot2": true, "sata": false, "pcie_generation": 4, "power_consumption": 20, "rgb": false, "use_case": "High-end"}}, {"model": "Parts.ssd", "pk": "WDBSN550", "fields": {"manufacturer": "WD", "name": "Western Digital Blue SN550 SSD", "relativeSize": "S", "data_added": "2023-10-22", "amazon_url": "https://www.amazon.com/dp/B07YFF3JCN?tag=pcpapi-20&linkCode=ogi&th=1&psc=1", "newegg_url": "https://www.newegg.com/western-digital-blue-sn550-nvme-500gb/p/N82E16820250134", "partRating": 4.8, "amazon_price": 34.0, "newegg_price": 69.99, "previous_price": 0.0, "current_price": 34.0, "lowest_Price_Link": "https://www.amazon.com/dp/B07YFF3JCN?tag=pcpapi-20&linkCode=ogi&th=1&psc=1", "last_modified": "2023-10-22", "capacity": 500, "read_speed": 2400, "write_speed": 2400, "mdot2": true, "sata": false, "pcie_generation": 3, "power_consumption": 20, "rgb": false, "use_case": "Budget"}}, {"model": "Parts.ssd", "pk": "WDBSN850X", "fields": {"manufacturer": "WD", "name": "Western Digital Black SN850X SSD", "relativeSize": "S", "data_added": "2023-10-22", "amazon_url": "https://www.amazon.com/dp/B0B7CKVCCV?tag=pcpapi-20&linkCode=ogi&th=1&psc=1", "newegg_url": "https://www.newegg.com/western-digital-1tb-black-sn850x-nvme/p/N82E16820250243", "partRating": 5.0, "amazon_price": 66.6, "newegg_price": 69.99, "previous_price": 0.0, "current_price": 66.6, "lowest_Price_Link": "https://www.amazon.com/dp/B0B7CKVCCV?tag=pcpapi-20&linkCode=ogi&th=1&psc=1", "last_modified": "2023-10-22", "capacity": 1000, "read_speed": 7300, "write_speed": 6300, "mdot2": true, "sata": false, "pcie_generation": 4, "power_consumption": 20, "rgb": false, "use_case": "Mid-Range"}}, {"model": "Parts.psu", "pk": "ASUSTUFG750B", "fields": {"manufacturer": "ASUS", "name": "Asus TUF 80+ Bronze 450W Power Supply", "relativeSize": "L", "data_added": "2023-10-05", "amazon_url": "https://www.amazon.com/ASUS-TUF-Axial-tech-Technology-Certification/dp/B08SC2ZYY4?ref_=ast_sto_dp&th=1", "newegg_url": "https://www.newegg.com/asus-tuf-gaming-450b-450w/p/N82E16817320013?Item=9SIABT1FEM6998&cm_sp=product-_-from-price-options", "partRating": 4.6, "amazon_price": 59.0, "newegg_price": 95.0, "previous_price": 75.0, "current_price": 59.0, "lowest_Price_Link": "https://www.amazon.com/ASUS-TUF-Axial-tech-Technology-Certification/dp/B08SC2ZYY4?ref_=ast_sto_dp&th=1", "last_modified": "2023-10-05", "wattage": 450, "rating": "Bronze", "connection": "None Modular", "size": "ATX", "color_name": "Black", "color_hex": "#000000", "use_case": "Budget"}}, {"model": "Parts.psu", "pk": "CRSRM850e", "fields": {"manufacturer": "CRS", "name": "CORSAIR RM850e Fully Modular Low-Noise ATX Power Supply", "relativeSize": "M", "data_added": "2023-10-07", "amazon_url": "", "newegg_url": "https://www.newegg.com/corsair-rm850e-cp-9020263-na-850-w/p/N82E16817139306", "partRating": 4.7, "amazon_price": null, "newegg_price": 129.0, "previous_price": 0.0, "current_price": 129.0, "lowest_Price_Link": "https://www.newegg.com/corsair-rm850e-cp-9020263-na-850-w/p/N82E16817139306", "last_modified": "2023-10-07", "wattage": 850, "rating": "Gold", "connection": "Full Modular", "size": "ATX", "color_name": "Black", "color_hex": "#000000", "use_case": "Mid-Range"}}, {"model": "Parts.psu", "pk": "NZXTC550B", "fields": {"manufacturer": "NZXT", "name": "NZXT C550 80+ Bronze Power Supply", "relativeSize": "L", "data_added": "2023-10-05", "amazon_url": "", "newegg_url": "https://www.newegg.com/nzxt-c550-550-w/p/N82E16817116046", "partRating": 5.0, "amazon_price": null, "newegg_price": 109.0, "previous_price": 120.0, "current_price": 109.0, "lowest_Price_Link": "https://www.newegg.com/nzxt-c550-550-w/p/N82E16817116046", "last_modified": "2023-10-05", "wattage": 550, "rating": "Bronze", "connection": "None Modular", "size": "ATX", "color_name": "Black", "color_hex": "#000000", "use_case": "Mid-Range"}}, {"model": "Parts.psu", "pk": "TTTPGX2G", "fields": {"manufacturer": "TT", "name": "ThermalTake GX2 80+ Gold 600W", "relativeSize": "L", "data_added": "2023-10-05", "amazon_url": "https://www.amazon.com/Thermaltake-Toughpower-Crossfire-Continuous-PS-TPD-0600NNFAGU-2/dp/B087CDR14Z/ref=sr_1_7?crid=2ETPDFE5F21TW&keywords=psu%2B500w%2Bbronze&qid=1694622213&sprefix=psu%2B500%2Bbronze%2Caps%2C233&sr=8-7&th=1", "newegg_url": "https://www.newegg.com/thermaltake-toughpower-gx2-gold-ps-tpd-0600nnfagu-2-600w/p/N82E16817153415", "partRating": 4.2, "amazon_price": 66.0, "newegg_price": 69.0, "previous_price": 69.0, "current_price": 66.0, "lowest_Price_Link": "https://www.amazon.com/Thermaltake-Toughpower-Crossfire-Continuous-PS-TPD-0600NNFAGU-2/dp/B087CDR14Z/ref=sr_1_7?crid=2ETPDFE5F21TW&keywords=psu%2B500w%2Bbronze&qid=1694622213&sprefix=psu%2B500%2Bbronz", "last_modified": "2023-10-05", "wattage": 600, "rating": "Gold", "connection": "None Modular", "size": "ATX", "color_name": "Black", "color_hex": "#000000", "use_case": "Mid-Range"}}, {"model": "Parts.case", "pk": "CMCMP320", "fields": {"manufacturer": "CM", "name": "Cooler Master CMP 320 Micro-ATX case", "relativeSize": "M", "data_added": "2023-10-04", "amazon_url": "https://www.amazon.com/CoolerMaster-ARGB-M-ATX-Mini-Tower-Black/dp/B0B5YFWKFM/ref=sr_1_1?crid=1BN08N2SLVKEB&keywords=cooler+master+cmp+320&qid=1694538403&sprefix=cooler+master+cmp+320%2Caps%2C377&sr=8-1", "newegg_url": "https://www.newegg.com/p/3C6-0065-00034", "partRating": 4.5, "amazon_price": 103.0, "newegg_price": 110.0, "previous_price": 115.0, "current_price": 103.0, "lowest_Price_Link": "https://www.amazon.com/CoolerMaster-ARGB-M-ATX-Mini-Tower-Black/dp/B0B5YFWKFM/ref=sr_1_1?crid=1BN08N2SLVKEB&keywords=cooler+master+cmp+320&qid=1694538403&sprefix=cooler+master+cmp+320%2Caps%2C377&sr=8", "last_modified": "2023-10-04", "mobo_support": "Micro-ATX", "max_gpu_length": 365.0, "max_radiator_size": 280.0, "rgb": true, "has_fans": true, "num_fans": 1, "max_num_number": 5, "max_fan_size": 120, "io": "USB3.2: 2\r\nUSB2:1\r\nUSBC: 2\r\nAUDIO JACK", "color_name": "Black", "color_hex": "#000000", "theme": "dark", "use_case": "High-end"}}, {"model": "Parts.case", "pk": "CRS4000DAFB", "fields": {"manufacturer": "CRS", "name": "Corsair 4000D AirFlow Black case", "relativeSize": "L", "data_added": "2023-10-04", "amazon_url": "https://www.amazon.com/Corsair-4000D-Airflow-Tempered-Mid-Tower/dp/B08C7BGV3D/ref=sr_1_1_sspa?crid=10Z35F69HXJ12&keywords=corsair%2B4000D%2BAIRFLOW&qid=1694539135&sprefix=corsair%2B4000d%2Bairflow%2Caps%2C257&sr=8-1-spons&sp_csd=d2lkZ2V0TmFtZT1zcF9hdGY&th=1", "newegg_url": "https://www.newegg.com/black-corsair-4000d-airflow-atx-mid-tower/p/N82E16811139156", "partRating": 4.5, "amazon_price": 85.0, "newegg_price": 104.0, "previous_price": 90.0, "current_price": 85.0, "lowest_Price_Link": "https://www.amazon.com/Corsair-4000D-Airflow-Tempered-Mid-Tower/dp/B08C7BGV3D/ref=sr_1_1_sspa?crid=10Z35F69HXJ12&keywords=corsair%2B4000D%2BAIRFLOW&qid=1694539135&sprefix=corsair%2B4000d%2Bairflow%2Ca", "last_modified": "2023-10-04", "mobo_support": "ATX", "max_gpu_length": 350.0, "max_radiator_size": 360.0, "rgb": false, "has_fans": true, "num_fans": 1, "max_num_number": 6, "max_fan_size": 120, "io": "USB3.2: 3\r\nUSBC: 1\r\nAUDIO JACK", "color_name": "Black", "color_hex": "#000000", "theme": "dark", "use_case": "Mid-Range"}}, {"model": "Parts.case", "pk": "NZXTH5B", "fields": {"manufacturer": "NZXT", "name": "NZXT H5 Flow black ATX case", "relativeSize": "L", "data_added": "2023-10-04", "amazon_url": "https://www.amazon.com/NZXT-Flow-Compact-Mid-Tower-Gaming/dp/B0B6Y15C5L/ref=sr_1_1_sspa?crid=254966MOJFAQJ&keywords=H5%2BFlow&qid=1694536523&sprefix=h5%2Bflow%2Caps%2C403&sr=8-1-spons&sp_csd=d2lkZ2V0TmFtZT1zcF9hdGY&th=1", "newegg_url": "https://www.newegg.com/nzxt-h5-flow-all-white-atx-micro-atx-mini-itx/p/N82E16811146343", "partRating": 4.5, "amazon_price": 80.0, "newegg_price": 79.0, "previous_price": 80.0, "current_price": 79.0, "lowest_Price_Link": "https://www.newegg.com/nzxt-h5-flow-all-white-atx-micro-atx-mini-itx/p/N82E16811146343", "last_modified": "2023-10-04", "mobo_support": "ATX", "max_gpu_length": 240.0, "max_radiator_size": 280.0, "rgb": false, "has_fans": true, "num_fans": 1, "max_num_number": 6, "max_fan_size": 120, "io": "USB3.2: 3\r\nUSBC: 1\r\nAUDIO JACK", "color_name": "Black", "color_hex": "#000000", "theme": "dark", "use_case": "Mid-Range"}}, {"model": "Parts.case", "pk": "NZXTH5W", "fields": {"manufacturer": "NZXT", "name": "NZXT H5 Flow white ATX case", "relativeSize": "L", "data_added": "2023-10-04", "amazon_url": "https://www.amazon.com/NZXT-Flow-Compact-Mid-Tower-Gaming/dp/B0B6YHDB2Y/ref=sr_1_1_sspa?crid=254966MOJFAQJ&keywords=H5%2BFlow&qid=1694536259&sprefix=h5%2Bflow%2Caps%2C403&sr=8-1-spons&sp_csd=d2lkZ2V0TmFtZT1zcF9hdGY&th=1link", "newegg_url": "https://www.newegg.com/nzxt-h5-flow-all-white-atx-micro-atx-mini-itx/p/N82E16811146343", "partRating": 4.7, "amazon_price": 84.0, "newegg_price": 95.0, "previous_price": 90.0, "current_price": 84.0, "lowest_Price_Link": "https://www.amazon.com/NZXT-Flow-Compact-Mid-Tower-Gaming/dp/B0B6YHDB2Y/ref=sr_1_1_sspa?crid=254966MOJFAQJ&keywords=H5%2BFlow&qid=1694536259&sprefix=h5%2Bflow%2Caps%2C403&sr=8-1-spons&sp_csd=d2lkZ2V0T", "last_modified": "2023-10-04", "mobo_support": "ATX", "max_gpu_length": 240.0, "max_radiator_size": 280.0, "rgb": false, "has_fans": true, "num_fans": 1, "max_num_number": 6, "max_fan_size": 120, "io": "USB3.2: 3\r\nUSBC: 1\r\nAUDIO JACK", "color_name": "White", "color_hex": "#FFFFFF", "theme": "light", "use_case": "Mid-Range"}}, {"model": "Parts.case", "pk": "TTS100SE", "fields": {"manufacturer": "TT", "name": "Thermal Take S100 Tempered Glass Snow Edition case", "relativeSize": "M", "data_added": "2023-10-04", "amazon_url": "https://www.amazon.com/Thermaltake-Micro-ATX-Mini-Tower-Pre-Installed-CA-1Q9-00S6WN-00/dp/B087CDVBZD/ref=sr_1_9?crid=1VEMILSPPXR3E&keywords=mini%2Batx%2Bcase&qid=1694619648&sprefix=mini%2Batx%2Bcase%2Caps%2C303&sr=8-9&th=1", "newegg_url": "https://www.newegg.com/white-thermaltake-s100-tg-snow-micro-chassis/p/N82E16811133436", "partRating": 4.6, "amazon_price": 75.0, "newegg_price": 80.0, "previous_price": 84.99, "current_price": 75.0, "lowest_Price_Link": "https://www.newegg.com/white-thermaltake-s100-tg-snow-micro-chassis/p/N82E16811133436", "last_modified": "2023-10-04", "mobo_support": "Micro-ATX", "max_gpu_length": 330.0, "max_radiator_size": 280.0, "rgb": false, "has_fans": true, "num_fans": 1, "max_num_number": 5, "max_fan_size": 120, "io": "USB3.2: 3\r\nUSBC: 1\r\nAUDIO JACK", "color_name": "White", "color_hex": "#FFFFFF", "theme": "light", "use_case": "Budget"}}]